"","Amazon","Apple","Cisco","Dell","Etsy ","Facebook","Flickr","Google","Groupon","HP","Indiegogo","Ingram Micro","Instagram","Intel","LinkedIn","Microsoft","Nvidia","Pandora","Pinterest","Salesforce","Tumblr","Twitter","Uber","Yahoo!","YouTube","eBay"
"white",48.0,53.46534653465347,52.475247524752476,68.7092070560661,78.21782178217822,48.51485148514851,45.0,54.90196078431373,61.386138613861384,73.0,57.99999999999999,52.0,48.51485148514851,47.524752475247524,50.98039215686274,56.00000000000001,36.633663366336634,65.0,47.524752475247524,65.0,45.0,56.99999999999999,49.80000000000001,45.0,54.90196078431373,52.0
"asian",13.0,20.792079207920793,36.633663366336634,9.116789334004125,9.900990099009901,39.603960396039604,44.0,34.31372549019608,19.801980198019802,12.0,28.000000000000004,14.000000000000002,39.603960396039604,37.62376237623762,38.23529411764706,31.0,44.554455445544555,16.0,40.5940594059406,24.0,44.0,32.0,30.900000000000006,44.0,34.31372549019608,40.0
"latino",13.0,12.871287128712872,4.9504950495049505,11.151228995656833,3.9603960396039604,4.9504950495049505,4.0,3.9215686274509802,7.920792079207921,8.0,7.000000000000001,19.0,4.9504950495049505,8.91089108910891,3.9215686274509802,6.0,2.9702970297029703,8.0,5.9405940594059405,4.0,4.0,4.0,5.600000000000001,4.0,3.9215686274509802,4.0
"black",21.0,8.91089108910891,3.9603960396039604,10.047215664125355,2.9702970297029703,2.9702970297029703,2.0,1.9607843137254901,7.920792079207921,4.0,4.0,14.000000000000002,2.9702970297029703,3.9603960396039604,3.9215686274509802,4.0,0.9900990099009901,5.0,2.9702970297029703,3.0,2.0,3.0,8.800000000000004,2.0,1.9607843137254901,2.0
"multi",0.0,2.9702970297029703,0.9900990099009901,0.0,3.9603960396039604,2.9702970297029703,2.0,3.9215686274509802,0.0,2.0,0.0,1.0,2.9702970297029703,0.9900990099009901,1.9607843137254901,2.0,13.861386138613863,5.0,1.9801980198019802,3.0,2.0,3.0,4.300000000000001,2.0,3.9215686274509802,1.0
"other",5.0,0.9900990099009901,0.9900990099009901,0.9755589501475889,0.9900990099009901,0.9900990099009901,3.0,0.9803921568627451,2.9702970297029703,1.0,3.0,0.0,0.9900990099009901,0.9900990099009901,0.9803921568627451,1.0,0.9900990099009901,1.0,0.9900990099009901,1.0,3.0,1.0,0.6000000000000002,3.0,0.9803921568627451,1.0
